<?xml version="1.0" encoding="UTF-8" standalone="yes"?>
<virtualSpnOverridesByEfSpn version="1">
<virtualSpnOverride mccmncspn="20408Hi" name="Hi"/>
<virtualSpnOverride mccmncspn="20408Ortel NL" name="Ortel NL"/>
<virtualSpnOverride mccmncspn="20408Rabo Mobiel" name="Rabo Mobiel"/>
<virtualSpnOverride mccmncspn="20412Lebara" name="Lebara"/>
<virtualSpnOverride mccmncspn="20610LYCAMOBILE" name="LYCAMOBILE"/>
<virtualSpnOverride mccmncspn="20620Ortel BE" name="Ortel"/>
<virtualSpnOverride mccmncspn="20801C le mobile" name="NRJ Mobile"/>
<virtualSpnOverride mccmncspn="20801NRJ Mobile" name="NRJ Mobile"/>
<virtualSpnOverride mccmncspn="20810A MOBILE" name="A MOBILE"/>
<virtualSpnOverride mccmncspn="20810AfoneMobile" name="Afone"/>
<virtualSpnOverride mccmncspn="20810C le mobile" name="NRJ"/>
<virtualSpnOverride mccmncspn="20810La Poste Mobile" name="La Poste Mobile"/>
<virtualSpnOverride mccmncspn="20810NRJ Mobile" name="NRJ"/>
<virtualSpnOverride mccmncspn="20810Simplicime" name="Simplicime"/>
<virtualSpnOverride mccmncspn="22201tiscalimobile" name="Tiscali Mobile"/>
<virtualSpnOverride mccmncspn="22201COOP" name="Coop"/>
<virtualSpnOverride mccmncspn="22201Noverca" name="Noverca"/>
<virtualSpnOverride mccmncspn="22207Noverca" name="Noverca"/>
<virtualSpnOverride mccmncspn="22210BT Italia" name="BT Italia Mobile"/>
<virtualSpnOverride mccmncspn="22210ERG" name="ERG Mobile"/>
<virtualSpnOverride mccmncspn="22210ERG mobile" name="ERG Mobile"/>
<virtualSpnOverride mccmncspn="22210PosteMobile" name="Poste Mobile"/>
<virtualSpnOverride mccmncspn="22299FASTWEB" name="Fastweb"/>
<virtualSpnOverride mccmncspn="23401Vectone Mobile" name="Vectone"/>
<virtualSpnOverride mccmncspn="23410TESCO" name="TESCO"/>
<virtualSpnOverride mccmncspn="23415ASDA Mobile" name="ASDA Mobile"/>
<virtualSpnOverride mccmncspn="23415BT" name="BT Mobile"/>
<virtualSpnOverride mccmncspn="23415Lebara" name="Lebara"/>
<virtualSpnOverride mccmncspn="23415Talkmobile" name="Talkmobile"/>
<virtualSpnOverride mccmncspn="23420Lebara" name="Lebara"/>
<virtualSpnOverride mccmncspn="23426GT mobile" name="GT mobile"/>
<virtualSpnOverride mccmncspn="23426Lycamobile" name="Lycamobile"/>
<virtualSpnOverride mccmncspn="23430Virgin" name="Virgin"/>
<virtualSpnOverride mccmncspn="23431Virgin" name="Virgin"/>
<virtualSpnOverride mccmncspn="23432Virgin" name="Virgin"/>
<virtualSpnOverride mccmncspn="23433Now Mobile" name="Now Mobile"/>
<virtualSpnOverride mccmncspn="26201congstar" name="Telekom.de"/>
<virtualSpnOverride mccmncspn="26203blau.de" name="blau.de"/>
<virtualSpnOverride mccmncspn="26203AY YILDIZ" name="AY YILDIZ"/>
<virtualSpnOverride mccmncspn="26203simVOICE" name="simVOICE"/>
<virtualSpnOverride mccmncspn="26203ptt-mobile" name="ptt-mobile"/>
<virtualSpnOverride mccmncspn="466017-Mobile" name="7-Mobile"/>
<virtualSpnOverride mccmncspn="46601統一超商" name="統一超商"/>
<virtualSpnOverride mccmncspn="46692家樂福電信" name="家樂福"/>
<virtualSpnOverride mccmncspn="204048.ta Δ" name="8.ta"/>
<virtualSpnOverride mccmncspn="20801Symacom Mobile" name="Symacom Mobile"/>
<virtualSpnOverride mccmncspn="20801Ortel FR" name="Ortel FR"/>
<virtualSpnOverride mccmncspn="20820LEBARA" name="LEBARA"/>
<virtualSpnOverride mccmncspn="20825Lycamobile" name="Lycamobile"/>
<virtualSpnOverride mccmncspn="20810LeclercMobile" name="LeclercMobile"/>
<virtualSpnOverride mccmncspn="24001halebop" name="Halebop"/>
<virtualSpnOverride mccmncspn="23410giffgaff" name="Giffgaff"/>
<virtualSpnOverride mccmncspn="20820Bouygues Telecom" name="Bouygues Telecom"/>
<virtualSpnOverride mccmncspn="20826EI Telecom" name="EI Telecom"/>
<virtualSpnOverride mccmncspn="23433EE" name="EE"/>
<virtualSpnOverride mccmncspn="23433LIFE" name="LIFE"/>
<virtualSpnOverride mccmncspn="23433Orange" name="EE"/>
<virtualSpnOverride mccmncspn="21403JAZZTEL" name="Movistar"/>
<virtualSpnOverride mccmncspn="21407JAZZTEL" name="Jazztel"/>
<virtualSpnOverride mccmncspn="21403simyo" name="Simyo"/>
<virtualSpnOverride mccmncspn="23430Orange" name="EE"/>
<virtualSpnOverride mccmncspn="23430EE" name="EE"/>
<virtualSpnOverride mccmncspn="23415Sainsbury&apos;s" name="Sainsbury&apos;s"/>
<virtualSpnOverride mccmncspn="26804Lycamobile" name="Lycamobile"/>
<virtualSpnOverride mccmncspn="26807Vectone Mobile" name="Vectone Mobile"/>
<virtualSpnOverride mccmncspn="21406Lebara" name="Lebara"/>
<virtualSpnOverride mccmncspn="21425Lycamobile" name="Lycamobile"/>
<virtualSpnOverride mccmncspn="21432Tuenti" name="Tuenti"/>
<virtualSpnOverride mccmncspn="22235Lycamobile" name="Lycamobile"/>
<virtualSpnOverride mccmncspn="21419simyo" name="Simyo"/>
<virtualSpnOverride mccmncspn="25011YOTA" name="YOTA"/>
<virtualSpnOverride mccmncspn="302720CITYFONE" name="CITYFONE"/>
<virtualSpnOverride mccmncspn="302720ROGERS" name="ROGERS"/>
</virtualSpnOverridesByEfSpn>
